id,first_name,last_name,email
1,Alyssa,Weekley,aweekley0@ted.com
2,Willow,Lidington,wlidington1@sfgate.com
3,Bernadette,Douthwaite,bdouthwaite2@springer.com
4,Katerina,Klimp,kklimp3@hexun.com
5,Ester,Robbel,erobbel4@bing.com
6,Kimbell,Valentin,kvalentin5@sogou.com
7,Evelyn,Bowen,ebowen6@twitter.com
8,Dave,Dukelow,ddukelow7@home.pl
9,Roger,Aronstein,raronstein8@dyndns.org
10,Joana,Haile,jhaile9@springer.com
11,Lavina,d'Arcy,ldarcya@dyndns.org
12,Nadean,Arton,nartonb@blinklist.com
13,Ellie,Dorant,edorantc@harvard.edu
14,Cullan,Daintree,cdaintreed@biblegateway.com
15,Clementina,Bendelow,cbendelowe@dot.gov
16,Millie,Mattocks,mmattocksf@reference.com
17,Doroteya,Featherstone,dfeatherstoneg@blogger.com
18,Ealasaid,Mityushkin,emityushkinh@berkeley.edu
19,Bryna,Ibarra,bibarrai@chronoengine.com
20,Clarette,Dunbar,cdunbarj@blinklist.com
21,Myrvyn,Ferrand,mferrandk@vk.com
22,Matti,Hanbury,mhanburyl@cdc.gov
23,Tailor,Petegree,tpetegreem@facebook.com
24,Lynnett,Fleming,lflemingn@google.cn
25,Alejoa,Roust,arousto@unblog.fr
26,Caril,Kitchener,ckitchenerp@ifeng.com
27,Verna,Swigg,vswiggq@answers.com
28,Bartlet,Lauks,blauksr@ehow.com
29,Kaia,Hendrickson,khendricksons@uol.com.br
30,Sharron,Fairnington,sfairningtont@tiny.cc
31,Ruggiero,Girhard,rgirhardu@guardian.co.uk
32,Kalle,Stieger,kstiegerv@smh.com.au
33,Shalne,Clows,sclowsw@macromedia.com
34,Kristofor,Korbmaker,kkorbmakerx@geocities.com
35,Val,Sprake,vsprakey@stanford.edu
36,Aldus,Greengrass,agreengrassz@blogger.com
37,Peadar,Lace,place10@google.co.uk
38,Johannah,Breckwell,jbreckwell11@g.co
39,Miquela,Bosworth,mbosworth12@disqus.com
40,Mickie,Wheway,mwheway13@hugedomains.com
41,Mable,Kynson,mkynson14@desdev.cn
42,Aveline,Swanborough,aswanborough15@pinterest.com
43,Mano,Hradsky,mhradsky16@guardian.co.uk
44,Gisella,Aimer,gaimer17@spotify.com
45,Laurie,McCrea,lmccrea18@over-blog.com
46,Benedicta,Gaudin,bgaudin19@squidoo.com
47,Rozanna,Deetch,rdeetch1a@github.io
48,Eduardo,Ondrusek,eondrusek1b@tiny.cc
49,Corabella,Curbishley,ccurbishley1c@mac.com
50,Olly,Lofts,olofts1d@prlog.org
51,Eloisa,Lambotin,elambotin1e@webs.com
52,Marcy,Amdohr,mamdohr1f@blogtalkradio.com
53,Salem,Scogin,sscogin1g@vkontakte.ru
54,Lucilia,Tiltman,ltiltman1h@constantcontact.com
55,Yul,Lavigne,ylavigne1i@dmoz.org
56,Lilla,Heffer,lheffer1j@imdb.com
57,Far,Breeder,fbreeder1k@state.gov
58,Ardyth,Everington,aeverington1l@foxnews.com
59,Tedmund,Chung,tchung1m@amazon.co.jp
60,Hewet,Makin,hmakin1n@mac.com
61,Vi,Tejada,vtejada1o@wufoo.com
62,Bobbie,Crannach,bcrannach1p@yolasite.com
63,Grace,Vannozzii,gvannozzii1q@bing.com
64,Yoshiko,Hafner,yhafner1r@artisteer.com
65,Donnamarie,Banane,dbanane1s@vk.com
66,Edd,Van Rembrandt,evanrembrandt1t@virginia.edu
67,Bartolemo,Aberchirder,baberchirder1u@booking.com
68,Marilin,MacCourt,mmaccourt1v@ow.ly
69,North,Ghidoni,nghidoni1w@google.nl
70,Cliff,Beames,cbeames1x@so-net.ne.jp
71,Meryl,Kellett,mkellett1y@aol.com
72,Caria,Steffan,csteffan1z@wordpress.com
73,Bondy,Kingswold,bkingswold20@w3.org
74,Una,Schleicher,uschleicher21@gov.uk
75,Joachim,Dumbell,jdumbell22@51.la
76,Sibby,Milmo,smilmo23@bravesites.com
77,Desmond,Castle,dcastle24@wiley.com
78,Welsh,Helbeck,whelbeck25@cnbc.com
79,Norris,Shires,nshires26@usa.gov
80,Vivyan,Colkett,vcolkett27@wikispaces.com
81,Arly,Grasner,agrasner28@smh.com.au
82,Collete,Petrina,cpetrina29@wsj.com
83,Boot,Eich,beich2a@businessweek.com
84,Blair,Ricciardo,bricciardo2b@hud.gov
85,Roxie,Cockerill,rcockerill2c@xrea.com
86,Rourke,Vannet,rvannet2d@ft.com
87,Corry,McNirlan,cmcnirlan2e@army.mil
88,Alana,Twyning,atwyning2f@engadget.com
89,Luella,Redhills,lredhills2g@facebook.com
90,Pattie,Phant,pphant2h@squidoo.com
91,Elke,Ballister,eballister2i@zdnet.com
92,Westley,Tomasik,wtomasik2j@youtube.com
93,Humphrey,Sherrocks,hsherrocks2k@woothemes.com
94,Munmro,Jex,mjex2l@examiner.com
95,Jacquie,Springall,jspringall2m@theatlantic.com
96,Giorgi,Needham,gneedham2n@shareasale.com
97,Cchaddie,Mathou,cmathou2o@barnesandnoble.com
98,Valentia,Sharples,vsharples2p@ustream.tv
99,Joey,Bamborough,jbamborough2q@china.com.cn
100,Ford,Lethebridge,flethebridge2r@adobe.com
