id,first_name,last_name,email,region
101,Sigvard,Sterry,ssterry2s@webmd.com,Cairo
102,Grantham,Pyrke,gpyrke2t@ucla.edu,Cairo
103,Arley,Nanninini,ananninini2u@yandex.ru,Cairo
104,Mathe,Breewood,mbreewood2v@salon.com,Cairo
105,Grantley,Campione,gcampione2w@nytimes.com,Alexandria
106,Jermayne,Gouly,jgouly0@ow.ly,Alexandria
107,Billy,Sevior,bsevior1@twitpic.com,Alexandria
108,Burl,Rawls,brawls2@ed.gov,Alexandria
109,Merrily,Walkinshaw,mwalkinshaw3@nba.com,Assiut
110,Leon,Sandifer,lsandifer4@dailymotion.com,Assiut
